INSERT INTO "auth"."users" ("instance_id", "id", "aud", "role", "email", "encrypted_password", "email_confirmed_at", "invited_at", "confirmation_token", "confirmation_sent_at", "recovery_token", "recovery_sent_at", "email_change_token_new", "email_change", "email_change_sent_at", "last_sign_in_at", "raw_app_meta_data", "raw_user_meta_data", "is_super_admin", "created_at", "updated_at", "phone", "phone_confirmed_at", "phone_change", "phone_change_token", "phone_change_sent_at", "email_change_token_current", "email_change_confirm_status", "banned_until", "reauthentication_token", "reauthentication_sent_at", "is_sso_user", "deleted_at", "is_anonymous") VALUES
	('00000000-0000-0000-0000-000000000000', '6f2630e0-df31-487e-a02f-03be8f1b382f', 'authenticated', 'authenticated', 'ducthanh1504@gmail.com', '$2a$10$PVFNhJaDV1B040zvGXdPJuSdlSgzbMj5vPng4DieszzOkm5e.xUsW', '2024-07-21 08:17:50.10699+00', NULL, '', NULL, '', NULL, '', '', NULL, '2024-07-21 08:19:26.196754+00', '{"provider": "email", "providers": ["email"]}', '{}', NULL, '2024-07-21 08:17:50.098721+00', '2024-07-21 08:19:26.200575+00', NULL, NULL, '', '', NULL, '', 0, NULL, '', NULL, false, NULL, false),
	('00000000-0000-0000-0000-000000000000', '7f60ce24-debb-47c2-a11f-0aa5e3a8474a', 'authenticated', 'authenticated', 'admin@anphat.ai.vn', '$2a$10$oh7FMjaycWevmGlEKfRf.O2YU5OPMDrTp23fNHHKqaTHFjMsDiZWO', '2024-07-20 12:07:31.854636+00', NULL, '', NULL, '', NULL, '', '', NULL, '2024-07-24 02:51:41.00137+00', '{"provider": "email", "providers": ["email"]}', '{}', NULL, '2024-07-20 12:07:31.84469+00', '2024-07-24 04:01:04.173852+00', NULL, NULL, '', '', NULL, '', 0, NULL, '', NULL, false, NULL, false),
	('00000000-0000-0000-0000-000000000000', 'be3e825e-5caa-47d2-9226-ea87ca1338c6', 'authenticated', 'authenticated', '1stgemini123@gmail.com', '$2a$10$YdrsBI4R.C8pW9MkdQvPuuNFkSCvXfODB0w3QibUZGyJ7NhTbk/Tu', '2024-07-25 02:20:59.87237+00', NULL, '', NULL, '', NULL, '', '', NULL, '2024-07-25 02:21:23.474961+00', '{"provider": "email", "providers": ["email"]}', '{}', NULL, '2024-07-25 02:20:59.862899+00', '2024-07-25 03:22:51.346314+00', NULL, NULL, '', '', NULL, '', 0, NULL, '', NULL, false, NULL, false);

INSERT INTO "auth"."identities" ("provider_id", "user_id", "identity_data", "provider", "last_sign_in_at", "created_at", "updated_at", "id") VALUES
	('7f60ce24-debb-47c2-a11f-0aa5e3a8474a', '7f60ce24-debb-47c2-a11f-0aa5e3a8474a', '{"sub": "7f60ce24-debb-47c2-a11f-0aa5e3a8474a", "email": "admin@anphat.ai.vn", "email_verified": false, "phone_verified": false}', 'email', '2024-07-20 12:07:31.847805+00', '2024-07-20 12:07:31.847952+00', '2024-07-20 12:07:31.847952+00', '0fa9ced3-867a-41f7-9fa6-57b589989d99'),
	('6f2630e0-df31-487e-a02f-03be8f1b382f', '6f2630e0-df31-487e-a02f-03be8f1b382f', '{"sub": "6f2630e0-df31-487e-a02f-03be8f1b382f", "email": "ducthanh1504@gmail.com", "email_verified": false, "phone_verified": false}', 'email', '2024-07-21 08:17:50.102561+00', '2024-07-21 08:17:50.102654+00', '2024-07-21 08:17:50.102654+00', '92e6491d-e987-4243-bff7-338a2f741383'),
	('be3e825e-5caa-47d2-9226-ea87ca1338c6', 'be3e825e-5caa-47d2-9226-ea87ca1338c6', '{"sub": "be3e825e-5caa-47d2-9226-ea87ca1338c6", "email": "1stgemini123@gmail.com", "email_verified": false, "phone_verified": false}', 'email', '2024-07-25 02:20:59.867538+00', '2024-07-25 02:20:59.867641+00', '2024-07-25 02:20:59.867641+00', '97f66447-2098-47d5-9144-90fe1b95dd4c');

INSERT INTO "auth"."sessions" ("id", "user_id", "created_at", "updated_at", "factor_id", "aal", "not_after", "refreshed_at", "user_agent", "ip", "tag") VALUES
	('ba996a90-e805-474a-9ebc-83c2dca1200f', '6f2630e0-df31-487e-a02f-03be8f1b382f', '2024-07-21 08:19:26.196939+00', '2024-07-21 08:19:26.196939+00', NULL, 'aal1', NULL, NULL, 'node', '42.117.78.147', NULL),
	('90d09a65-d698-4281-a547-3b9a3116f16d', 'be3e825e-5caa-47d2-9226-ea87ca1338c6', '2024-07-25 02:21:23.475232+00', '2024-07-25 08:15:07.064122+00', NULL, 'aal1', NULL, '2024-07-25 08:15:07.063942', 'node', '123.24.199.58', NULL);

INSERT INTO "auth"."mfa_amr_claims" ("session_id", "created_at", "updated_at", "authentication_method", "id") VALUES
	('ba996a90-e805-474a-9ebc-83c2dca1200f', '2024-07-21 08:19:26.201369+00', '2024-07-21 08:19:26.201369+00', 'password', '8e48a02a-a7cc-4b91-9435-a8cb9bdc0f57'),
	('90d09a65-d698-4281-a547-3b9a3116f16d', '2024-07-25 02:21:23.480053+00', '2024-07-25 02:21:23.480053+00', 'password', '95d35496-5b61-4163-b8e1-c96f3a7b6ab1');

INSERT INTO "auth"."refresh_tokens" ("instance_id", "id", "token", "user_id", "revoked", "created_at", "updated_at", "parent", "session_id") VALUES
	('00000000-0000-0000-0000-000000000000', 2, 'JIk-so49XaNxbORFls2EyA', '6f2630e0-df31-487e-a02f-03be8f1b382f', false, '2024-07-21 08:19:26.198661+00', '2024-07-21 08:19:26.198661+00', NULL, 'ba996a90-e805-474a-9ebc-83c2dca1200f'),
	('00000000-0000-0000-0000-000000000000', 13, '_sLAJTJdk2ZlQOqw9AcVeA', 'be3e825e-5caa-47d2-9226-ea87ca1338c6', true, '2024-07-25 02:21:23.477114+00', '2024-07-25 03:22:51.342423+00', NULL, '90d09a65-d698-4281-a547-3b9a3116f16d'),
	('00000000-0000-0000-0000-000000000000', 14, 'Ey3A7Yu_ftch3TrJPDUwKA', 'be3e825e-5caa-47d2-9226-ea87ca1338c6', false, '2024-07-25 03:22:51.343864+00', '2024-07-25 03:22:51.343864+00', '_sLAJTJdk2ZlQOqw9AcVeA', '90d09a65-d698-4281-a547-3b9a3116f16d');